{
    "type": "Microsoft.Compute/virtualMachines/extensions",
    "name": "az104-08-vm1/CustomScript",
    "apiVersion": "2022-03-01",
    "location": "[resourceGroup().location]",
    "dependsOn": [
        "az104-08-vm1"
    ],
    "properties": {
        "publisher": "Microsoft.Azure.Extensions",
        "type": "CustomScript",
        "typeHandlerVersion": "2.0",
        "autoUpgradeMinorVersion": true,
        "settings": {
            "commandToExecute": "sudo apt-get install -y nginx && echo 'Hello World from host' $(hostname)'!' | sudo tee -a /var/www/html/index.html"
      }
    }
},