{
    "$schema": "https://schema.management.azure.com/schemas/2015-01-01/deploymentParameters.json#",
    "contentVersion": "1.0.0.0",
    "parameters": {
        "vmSize": {
            "value": "Standard_D2s_v3"
        },
        "adminUsername": {
            "value": "Student"
        },
        "adminPassword": {
            "reference": {
              "keyVault": {
              "id": "/subscriptions/<yourSubscriptionID>/resourceGroups/Az104-Secrets-RG/providers/Microsoft.KeyVault/vaults/<yourKeyVaultName>"
                },
              "secretName": "VMPassword"
            }
        }
    }
}
