{
    "$schema": "https://schema.management.azure.com/schemas/2019-04-01/deploymentTemplate.json#",
    "contentVersion": "1.0.0.0",
    "parameters": {
        "vmSize": {
            "type": "string",
            "defaultValue": "Standard_D2s_v3",
            "metadata": {
                "description": "VM size"
            }
        },
        "vmName": {
            "type": "string",
            "defaultValue": "az104-06-vm",
            "metadata": {
                "description": "VM name Prefix"
            }
        },
        "vmCount": {
            "type": "int",
            "defaultValue": 4,
            "metadata": {
                "description": "Number of VMs"
            }
        },
        "adminUsername": {
            "type": "string",
            "metadata": {
                "description": "Admin username"
            }
        },
        "adminPublicKey": {
            "type": "securestring",
            "metadata": {
                "description": "Public ssh key"
            }
        }
    },
    "variables": {
        "vmExtensionName": "customScriptExtension",
        "nic": "az104-06-nic",
        "virtualNetworkNames": "[createArray('az104-06-vnet01','az104-06-vnet01','az104-06-vnet2','az104-06-vnet3')]",
        "virtualNetworkNamestbc": "[createArray('az104-06-vnet01','az104-06-vnet2','az104-06-vnet3')]",
        "VNetPrefixes":"[createArray('10.60','10.62','10.63')]",
        "nsgNames": "[createArray('az104-06-nsg01','az104-06-nsg01','az104-06-nsg2','az104-06-nsg3')]",
        "nsgNamestbc": "[createArray('az104-06-nsg01','az104-06-nsg2','az104-06-nsg3')]",
        "subnetName": "subnet",
        "subnetRefs": "[createArray(0,1,0,0)]",
        "computeApiVersion": "2021-07-01",
        "networkApiVersion": "2020-03-01"
    },
    "resources": [
        {
            "name": "[concat(parameters('vmName'),copyIndex())]",
            "copy": {
                "name": "VMcopy",
                "count": "[parameters('vmCount')]"
            },
            "type": "Microsoft.Compute/virtualMachines",
            "apiVersion": "[variables('computeApiVersion')]",
            "location": "[resourceGroup().location]",
            "comments": "Creating VMs",
            "dependsOn": [
                "[concat(variables('nic'),copyIndex())]"
            ],
            "properties": {
                "osProfile": {
                    "computerName": "[concat(parameters('vmName'),copyIndex())]",
                    "adminUsername": "[parameters('adminUsername')]",
                    "linuxConfiguration": {
                        "disablePasswordAuthentication": "true",
                        "ssh": {
                          "publicKeys": [
                            {
                              "path": "[concat('/home/', parameters('adminUsername'), '/.ssh/authorized_keys')]",
                              "keyData": "[parameters('adminPublicKey')]"
                            }
                          ]             
                        }
                    }
                },
                "hardwareProfile": {
                    "vmSize": "[parameters('vmSize')]"
                },
                "storageProfile": {
                    "imageReference": {
                        "publisher": "Canonical",
                        "offer": "0001-com-ubuntu-server-jammy",
                        "sku": "22_04-lts-gen2",
                        "version": "latest"
                    },
                    "osDisk": {
                        "createOption": "fromImage"
                    },
                    "dataDisks": []
                },
                "networkProfile": {
                    "networkInterfaces": [
                        {
                            "properties": {
                                "primary": true
                            },
                            "id": "[resourceId('Microsoft.Network/networkInterfaces', concat(variables('nic'),copyIndex()))]"
                        }
                    ]
                }
            }
        },
        {
            "type": "Microsoft.Compute/virtualMachines/extensions",
            "name": "[concat(concat(parameters('vmName'),copyIndex()), '/', variables('vmExtensionName'))]",
            "copy": {
                "name": "Extopy",
                "count": "[parameters('vmCount')]"
            },
            "apiVersion": "[variables('computeApiVersion')]",
            "location": "[resourceGroup().location]",
            "dependsOn": [
                "[concat('Microsoft.Compute/virtualMachines/', concat(parameters('vmName'),copyIndex()))]"
            ],
            "properties": {
                "publisher": "Microsoft.Azure.Extensions",
                "type": "CustomScript",
                "typeHandlerVersion": "2.1",
                "autoUpgradeMinorVersion": true,
                "settings": {
                    "commandToExecute": "sudo apt-get install -y nginx && echo 'Hello World from host' $(hostname)'!' | sudo tee -a /var/www/html/index.html"
              }
            }
        },
        {
            "type": "Microsoft.Network/virtualNetworks",
            "name": "[variables('virtualNetworkNamestbc')[copyIndex()]]",
            "copy": {
                "name": "VnetCopy",
                "count": "[length(variables('virtualNetworkNamestbc'))]"
            },
            "apiVersion": "[variables('networkApiVersion')]",
            "location": "[resourceGroup().location]",
            "comments": "Virtual Network",
            "properties": {
                "addressSpace": {
                    "addressPrefixes": [
                        "[concat(variables('VNetPrefixes')[copyIndex()],'.0.0/22')]"
                    ]
                },
                "subnets": [
                    {
                        "name": "[concat(variables('subnetName'),'0')]",
                        "properties": {
                            "addressPrefix": "[concat(variables('VNetPrefixes')[copyIndex()],'.0.0/24')]"
                        }
                    }
                ]
                  
            }
        },
        {   "type": "Microsoft.Network/virtualNetworks/subnets",
            "apiVersion": "[variables('networkApiVersion')]",
            "location": "[resourceGroup().location]",
            "comments": "Virtual Network Subnet for VNet01",
            "name": "az104-06-vnet01/subnet1",
            "properties": {
                "addressPrefix": "10.60.1.0/24"
            },
            "dependsOn": [
                "Microsoft.Network/virtualNetworks/az104-06-vnet01"
            ]
        },
        {
            "name": "[concat(variables('nic'),copyIndex())]",
            "copy":{
                "name": "nicCopy",
                "count": "[parameters('vmCount')]"
            },
            "type": "Microsoft.Network/networkInterfaces",
            "apiVersion": "[variables('networkApiVersion')]",
            "location": "[resourceGroup().location]",
            "comments": "Primary NIC",
            "dependsOn": [
                "[variables('nsgNames')[copyindex()]]",
                "[concat('Microsoft.Network/virtualNetworks/', variables('virtualNetworkNames')[copyIndex()])]"
            ],
            "properties": {
                "ipConfigurations": [
                    {
                        "name": "ipconfig1",
                        "properties": {
                            "subnet": {
                                "id": "[resourceId('Microsoft.Network/virtualNetworks/subnets', variables('virtualNetworkNames')[copyIndex()], concat(variables('subnetName'),variables('subnetRefs')[copyindex()]))]"
                            },
                            "privateIPAllocationMethod": "Dynamic"
                        }
                    }
                ],
                "networkSecurityGroup": {
                    "id": "[resourceId('Microsoft.Network/networkSecurityGroups', variables('nsgNames')[copyIndex()])]"
                }
            }
        },
        {
            "name": "[variables('nsgNamestbc')[copyIndex()]]",
            "copy": {
                "name": "nsgCopy",
                "count": 3
            },
            "type": "Microsoft.Network/networkSecurityGroups",
            "apiVersion": "[variables('networkApiVersion')]",
            "location": "[resourceGroup().location]",
            "comments": "Network Security Group (NSG) for Primary NIC",
            "properties": {
                "securityRules": [
                    {
                        "name": "default-allow-ssh",
                        "properties": {
                            "priority": 1000,
                            "sourceAddressPrefix": "*",
                            "protocol": "Tcp",
                            "destinationPortRange": "22",
                            "access": "Allow",
                            "direction": "Inbound",
                            "sourcePortRange": "*",
                            "destinationAddressPrefix": "*"
                        }
                    },
                    {
                        "name": "default-allow-http",
                        "properties": {
                            "priority": 1100,
                            "sourceAddressPrefix": "*",
                            "protocol": "Tcp",
                            "destinationPortRange": "80",
                            "access": "Allow",
                            "direction": "Inbound",
                            "sourcePortRange": "*",
                            "destinationAddressPrefix": "*"
                        }
                    }
                ]
            }
        }
    ],
    "outputs": {}
}